﻿<?xml version="1.0" encoding="UTF-8"?>
<!DOCTYPE mapper PUBLIC "-//mybatis.org//DTD Mapper 3.0//EN" 
"http://mybatis.org/dtd/mybatis-3-mapper.dtd">

<mapper namespace="hply.mapper.partial.PartialContractChangeMapper">

  <insert id="insert" parameterType="ContractChange">
    insert into t_contract_change(id, project_id, csa_code, management_rate, change_amount, trice, create_time, create_user, update_time, update_user, description, status) values ( #{id}, #{projectId}, #{csaCode}, #{managementRate}, #{changeAmount}, #{trice}, now(), #{createUser}, now(), #{createUser}, #{description}, #{status} )
  </insert>

  <update id="update" parameterType="map">
    update t_contract_change set project_id = #{projectId}, csa_code = #{csaCode}, management_rate = #{managementRate}, change_amount = #{changeAmount}, trice = #{trice},  update_time = now(), update_user = #{updateUser}, description = #{description}, status = #{status}, version = version + 1 where id = #{id}
  </update>

  <delete id="delete" parameterType="string">
    delete from t_contract_change where id = #{id}
  </delete>

  <select id="get" parameterType="string" resultType="ContractChange">
    select id as id, project_id as projectId, csa_code as csaCode, management_rate as managementRate, change_amount as changeAmount, trice as trice, create_time as createTime, create_user as createUser, update_time as updateTime, update_user as updateUser, description as description, version as version, status as status from t_contract_change where id = #{id}
  </select>
  
  <select id="getVersion" parameterType="string" resultType="int">
    select version from t_contract_change where id = #{id}
  </select>
  
  <select id="getAll" resultType="ContractChange">
    select id as id, project_id as projectId, csa_code as csaCode, management_rate as managementRate, change_amount as changeAmount, trice as trice, create_time as createTime, create_user as createUser, update_time as updateTime, update_user as updateUser, description as description, version as version, status as status from t_contract_change
  </select>
  
  <select id="getRowCount" resultType="int">
    select count(*) from t_contract_change
  </select>

  <select id="getAllPaged" parameterType="ContractChange" resultType="ContractChange">
    select id as id, project_id as projectId, csa_code as csaCode, management_rate as managementRate, change_amount as changeAmount, trice as trice, create_time as createTime, create_user as createUser, update_time as updateTime, update_user as updateUser, description as description, version as version, status as status from t_contract_change limit #{pageSize} offset #{pageIndex}
  </select>
</mapper>

