﻿<?xml version="1.0" encoding="UTF-8"?>
<!DOCTYPE mapper PUBLIC "-//mybatis.org//DTD Mapper 3.0//EN" 
"http://mybatis.org/dtd/mybatis-3-mapper.dtd">

<mapper namespace="hply.mapper.partial.PartialPaymentMapper">

  <insert id="insert" parameterType="Payment">
    insert into t_payment(id, project_id, ticket_code, pay_type, payment_item_id, amount, bank_account, bank_name, trice, create_time, create_user, update_time, update_user, description, status) values ( #{id}, #{projectId}, #{ticketCode}, #{payType}, #{paymentItemId}, #{amount}, #{bankAccount}, #{bankName}, #{trice}, now(), #{createUser}, now(), #{createUser}, #{description}, #{status} )
  </insert>

  <update id="update" parameterType="map">
    update t_payment set project_id = #{projectId}, ticket_code = #{ticketCode}, pay_type = #{payType}, payment_item_id = #{paymentItemId}, amount = #{amount}, bank_account = #{bankAccount}, bank_name = #{bankName}, trice = #{trice},  update_time = now(), update_user = #{updateUser}, description = #{description}, status = #{status}, version = version + 1 where id = #{id}
  </update>

  <delete id="delete" parameterType="string">
    delete from t_payment where id = #{id}
  </delete>

  <select id="get" parameterType="string" resultType="Payment">
    select id as id, project_id as projectId, ticket_code as ticketCode, pay_type as payType, payment_item_id as paymentItemId, amount as amount, bank_account as bankAccount, bank_name as bankName, trice as trice, create_time as createTime, create_user as createUser, update_time as updateTime, update_user as updateUser, description as description, version as version, status as status from t_payment where id = #{id}
  </select>
  
  <select id="getVersion" parameterType="string" resultType="int">
    select version from t_payment where id = #{id}
  </select>
  
  <select id="getAll" resultType="Payment">
    select id as id, project_id as projectId, ticket_code as ticketCode, pay_type as payType, payment_item_id as paymentItemId, amount as amount, bank_account as bankAccount, bank_name as bankName, trice as trice, create_time as createTime, create_user as createUser, update_time as updateTime, update_user as updateUser, description as description, version as version, status as status from t_payment
  </select>
  
  <select id="getRowCount" resultType="int">
    select count(*) from t_payment
  </select>

  <select id="getAllPaged" parameterType="Payment" resultType="Payment">
    select id as id, project_id as projectId, ticket_code as ticketCode, pay_type as payType, payment_item_id as paymentItemId, amount as amount, bank_account as bankAccount, bank_name as bankName, trice as trice, create_time as createTime, create_user as createUser, update_time as updateTime, update_user as updateUser, description as description, version as version, status as status from t_payment limit #{pageSize} offset #{pageIndex}
  </select>
</mapper>

