﻿<?xml version="1.0" encoding="UTF-8"?>
<!DOCTYPE mapper PUBLIC "-//mybatis.org//DTD Mapper 3.0//EN" 
"http://mybatis.org/dtd/mybatis-3-mapper.dtd">

<mapper namespace="hply.mapper.partial.PartialSysOrganizationMapper">

  <insert id="insert" parameterType="SysOrganization">
    insert into t_sys_organization(id, organization_name, create_time, description) values ( #{id}, #{organizationName}, now(), #{description} )
  </insert>

  <update id="update" parameterType="map">
    update t_sys_organization set organization_name = #{organizationName}, description = #{description}, version = version + 1 where id = #{id}
  </update>

  <delete id="delete" parameterType="string">
    delete from t_sys_organization where id = #{id}
  </delete>

  <select id="get" parameterType="string" resultType="SysOrganization">
    select id as id, organization_name as organizationName, create_time as createTime, description as description, version as version from t_sys_organization where id = #{id}
  </select>
  
  <select id="getVersion" parameterType="string" resultType="int">
    select version from t_sys_organization where id = #{id}
  </select>
  
  <select id="getAll" resultType="SysOrganization">
    select id as id, organization_name as organizationName, create_time as createTime, description as description, version as version from t_sys_organization
  </select>
  
  <select id="getRowCount" resultType="int">
    select count(*) from t_sys_organization
  </select>

  <select id="getAllPaged" parameterType="SysOrganization" resultType="SysOrganization">
    select id as id, organization_name as organizationName, create_time as createTime, description as description, version as version from t_sys_organization limit #{pageSize} offset #{pageIndex}
  </select>
</mapper>

