﻿<?xml version="1.0" encoding="UTF-8"?>
<!DOCTYPE mapper PUBLIC "-//mybatis.org//DTD Mapper 3.0//EN" 
"http://mybatis.org/dtd/mybatis-3-mapper.dtd">

<mapper namespace="hply.mapper.ProjectInitMapper">

  <insert id="insert" parameterType="ProjectInit">
    insert into t_project_init(serial_id, trice, description, project_code, project_name, organization_name, party_name, party_address, manager, corperation, legal_assignee, is_withholding_offsite, contract_code, contract_amount, change_amount, change_total_amount, settlement_amount, duty_paid_code, duty_paid_time, duty_paid_amount, capital_occupied, project_status, management_rate, management_plan_amount, management_real_amount, management_total_amount, management_owe_amount, party_billing_amount, party_billing_total_amount, collections_amount, collections_total_amount, collections_rate, customer_billing_amount, customer_billing_total_amount, payment_amount, payment_amount_clv, payment_amount_cliang, payment_amount_zdai, payment_total_amount, tax_rate, tax_plan_amount, tax_real_amount, tax_total_amount, tax_owe_amount, arrears_amount, expected_value, profile_point, create_time) values ( #{serialId}, #{trice}, #{description}, #{projectCode}, #{projectName}, #{organizationName}, #{partyName}, #{partyAddress}, #{manager}, #{corperation}, #{legalAssignee}, #{isWithholdingOffsite}, #{contractCode}, #{contractAmount}, #{changeAmount}, #{changeTotalAmount}, #{settlementAmount}, #{dutyPaidCode}, #{dutyPaidTime}, #{dutyPaidAmount}, #{capitalOccupied}, #{projectStatus}, #{managementRate}, #{managementPlanAmount}, #{managementRealAmount}, #{managementTotalAmount}, #{managementOweAmount}, #{partyBillingAmount}, #{partyBillingTotalAmount}, #{collectionsAmount}, #{collectionsTotalAmount}, #{collectionsRate}, #{customerBillingAmount}, #{customerBillingTotalAmount}, #{paymentAmount}, #{paymentAmountClv}, #{paymentAmountCliang}, #{paymentAmountZdai}, #{paymentTotalAmount}, #{taxRate}, #{taxPlanAmount}, #{taxRealAmount}, #{taxTotalAmount}, #{taxOweAmount}, #{arrearsAmount}, #{expectedValue}, #{profilePoint}, now() )
  </insert>

  <update id="update" parameterType="map">
    update t_project_init set <if test="serialId != null">serial_id = #{serialId},</if> <if test="trice != null">trice = #{trice},</if> <if test="description != ''">description = #{description},</if> <if test="projectCode != ''">project_code = #{projectCode},</if> <if test="projectName != ''">project_name = #{projectName},</if> <if test="organizationName != ''">organization_name = #{organizationName},</if> <if test="partyName != ''">party_name = #{partyName},</if> <if test="partyAddress != ''">party_address = #{partyAddress},</if> <if test="manager != ''">manager = #{manager},</if> <if test="corperation != ''">corperation = #{corperation},</if> <if test="legalAssignee != ''">legal_assignee = #{legalAssignee},</if> <if test="isWithholdingOffsite != ''">is_withholding_offsite = #{isWithholdingOffsite},</if> <if test="contractCode != ''">contract_code = #{contractCode},</if> <if test="contractAmount != null">contract_amount = #{contractAmount},</if> <if test="changeAmount != null">change_amount = #{changeAmount},</if> <if test="changeTotalAmount != null">change_total_amount = #{changeTotalAmount},</if> <if test="settlementAmount != null">settlement_amount = #{settlementAmount},</if> <if test="dutyPaidCode != ''">duty_paid_code = #{dutyPaidCode},</if> <if test="dutyPaidTime != null">duty_paid_time = #{dutyPaidTime},</if> <if test="dutyPaidAmount != null">duty_paid_amount = #{dutyPaidAmount},</if> <if test="capitalOccupied != ''">capital_occupied = #{capitalOccupied},</if> <if test="projectStatus != ''">project_status = #{projectStatus},</if> <if test="managementRate != null">management_rate = #{managementRate},</if> <if test="managementPlanAmount != null">management_plan_amount = #{managementPlanAmount},</if> <if test="managementRealAmount != null">management_real_amount = #{managementRealAmount},</if> <if test="managementTotalAmount != null">management_total_amount = #{managementTotalAmount},</if> <if test="managementOweAmount != null">management_owe_amount = #{managementOweAmount},</if> <if test="partyBillingAmount != null">party_billing_amount = #{partyBillingAmount},</if> <if test="partyBillingTotalAmount != null">party_billing_total_amount = #{partyBillingTotalAmount},</if> <if test="collectionsAmount != null">collections_amount = #{collectionsAmount},</if> <if test="collectionsTotalAmount != null">collections_total_amount = #{collectionsTotalAmount},</if> <if test="collectionsRate != null">collections_rate = #{collectionsRate},</if> <if test="customerBillingAmount != null">customer_billing_amount = #{customerBillingAmount},</if> <if test="customerBillingTotalAmount != null">customer_billing_total_amount = #{customerBillingTotalAmount},</if> <if test="paymentAmount != null">payment_amount = #{paymentAmount},</if> <if test="paymentAmountClv != null">payment_amount_clv = #{paymentAmountClv},</if> <if test="paymentAmountCliang != null">payment_amount_cliang = #{paymentAmountCliang},</if> <if test="paymentAmountZdai != null">payment_amount_zdai = #{paymentAmountZdai},</if> <if test="paymentTotalAmount != null">payment_total_amount = #{paymentTotalAmount},</if> <if test="taxRate != null">tax_rate = #{taxRate},</if> <if test="taxPlanAmount != null">tax_plan_amount = #{taxPlanAmount},</if> <if test="taxRealAmount != null">tax_real_amount = #{taxRealAmount},</if> <if test="taxTotalAmount != null">tax_total_amount = #{taxTotalAmount},</if> <if test="taxOweAmount != null">tax_owe_amount = #{taxOweAmount},</if> <if test="arrearsAmount != null">arrears_amount = #{arrearsAmount},</if> <if test="expectedValue != null">expected_value = #{expectedValue},</if> <if test="profilePoint != ''">profile_point = #{profilePoint},</if> version = version + 1 where id = #{id}
  </update>

  <delete id="delete" parameterType="string">
    delete from t_project_init where id = #{id}
  </delete>

  <select id="get" parameterType="string" resultType="ProjectInit">
    select serial_id as serialId, trice as trice, description as description, project_code as projectCode, project_name as projectName, organization_name as organizationName, party_name as partyName, party_address as partyAddress, manager as manager, corperation as corperation, legal_assignee as legalAssignee, is_withholding_offsite as isWithholdingOffsite, contract_code as contractCode, contract_amount as contractAmount, change_amount as changeAmount, change_total_amount as changeTotalAmount, settlement_amount as settlementAmount, duty_paid_code as dutyPaidCode, duty_paid_time as dutyPaidTime, duty_paid_amount as dutyPaidAmount, capital_occupied as capitalOccupied, project_status as projectStatus, management_rate as managementRate, management_plan_amount as managementPlanAmount, management_real_amount as managementRealAmount, management_total_amount as managementTotalAmount, management_owe_amount as managementOweAmount, party_billing_amount as partyBillingAmount, party_billing_total_amount as partyBillingTotalAmount, collections_amount as collectionsAmount, collections_total_amount as collectionsTotalAmount, collections_rate as collectionsRate, customer_billing_amount as customerBillingAmount, customer_billing_total_amount as customerBillingTotalAmount, payment_amount as paymentAmount, payment_amount_clv as paymentAmountClv, payment_amount_cliang as paymentAmountCliang, payment_amount_zdai as paymentAmountZdai, payment_total_amount as paymentTotalAmount, tax_rate as taxRate, tax_plan_amount as taxPlanAmount, tax_real_amount as taxRealAmount, tax_total_amount as taxTotalAmount, tax_owe_amount as taxOweAmount, arrears_amount as arrearsAmount, expected_value as expectedValue, profile_point as profilePoint, create_time as createTime from t_project_init where id = #{id}
  </select>
  
  <select id="getVersion" parameterType="string" resultType="int">
    select version from t_project_init where id = #{id}
  </select>

  <select id="getAll" resultType="ProjectInit">
    select serial_id as serialId, trice as trice, description as description, project_code as projectCode, project_name as projectName, organization_name as organizationName, party_name as partyName, party_address as partyAddress, manager as manager, corperation as corperation, legal_assignee as legalAssignee, is_withholding_offsite as isWithholdingOffsite, contract_code as contractCode, contract_amount as contractAmount, change_amount as changeAmount, change_total_amount as changeTotalAmount, settlement_amount as settlementAmount, duty_paid_code as dutyPaidCode, duty_paid_time as dutyPaidTime, duty_paid_amount as dutyPaidAmount, capital_occupied as capitalOccupied, project_status as projectStatus, management_rate as managementRate, management_plan_amount as managementPlanAmount, management_real_amount as managementRealAmount, management_total_amount as managementTotalAmount, management_owe_amount as managementOweAmount, party_billing_amount as partyBillingAmount, party_billing_total_amount as partyBillingTotalAmount, collections_amount as collectionsAmount, collections_total_amount as collectionsTotalAmount, collections_rate as collectionsRate, customer_billing_amount as customerBillingAmount, customer_billing_total_amount as customerBillingTotalAmount, payment_amount as paymentAmount, payment_amount_clv as paymentAmountClv, payment_amount_cliang as paymentAmountCliang, payment_amount_zdai as paymentAmountZdai, payment_total_amount as paymentTotalAmount, tax_rate as taxRate, tax_plan_amount as taxPlanAmount, tax_real_amount as taxRealAmount, tax_total_amount as taxTotalAmount, tax_owe_amount as taxOweAmount, arrears_amount as arrearsAmount, expected_value as expectedValue, profile_point as profilePoint, create_time as createTime from t_project_init
  </select>

</mapper>

