﻿<?xml version="1.0" encoding="UTF-8"?>
<!DOCTYPE mapper PUBLIC "-//mybatis.org//DTD Mapper 3.0//EN" 
"http://mybatis.org/dtd/mybatis-3-mapper.dtd">

<mapper namespace="hply.mapper.SysExecLogMapper">

  <insert id="insert" parameterType="SysExecLog">
    insert into t_sys_exec_log(serial_id, exec_no, proc_name, trice, exec_log, create_time) values ( #{serialId}, #{execNo}, #{procName}, #{trice}, #{execLog}, now() )
  </insert>

  <update id="update" parameterType="map">
    update t_sys_exec_log set <if test="serialId != null">serial_id = #{serialId},</if> <if test="execNo != ''">exec_no = #{execNo},</if> <if test="procName != ''">proc_name = #{procName},</if> <if test="trice != null">trice = #{trice},</if> <if test="execLog != ''">exec_log = #{execLog},</if> version = version + 1 where id = #{id}
  </update>

  <delete id="delete" parameterType="string">
    delete from t_sys_exec_log where id = #{id}
  </delete>

  <select id="get" parameterType="string" resultType="SysExecLog">
    select serial_id as serialId, exec_no as execNo, proc_name as procName, trice as trice, exec_log as execLog, create_time as createTime from t_sys_exec_log where id = #{id}
  </select>
  
  <select id="getVersion" parameterType="string" resultType="int">
    select version from t_sys_exec_log where id = #{id}
  </select>

  <select id="getAll" resultType="SysExecLog">
    select serial_id as serialId, exec_no as execNo, proc_name as procName, trice as trice, exec_log as execLog, create_time as createTime from t_sys_exec_log
  </select>

</mapper>

