<?xml version="1.0" encoding="UTF-8"?>
<beans xmlns="http://www.springframework.org/schema/beans"
	xmlns:xsi="http://www.w3.org/2001/XMLSchema-instance" xmlns:context="http://www.springframework.org/schema/context"
	xmlns:orcl="http://www.springframework.org/schema/data/orcl"
	xsi:schemaLocation="http://www.springframework.org/schema/beans
       http://www.springframework.org/schema/beans/spring-beans-3.2.xsd">

	<!-- 配置数据源 -->
	<bean id="dataSource" class="com.mchange.v2.c3p0.ComboPooledDataSource"
		destroy-method="close">
		<property name="driverClass" value="oracle.jdbc.OracleDriver" />
		<property name="jdbcUrl" value="jdbc:oracle:thin:@192.168.200.254:1521:orcl" />
		<property name="user" value="cqiyi" />
		<property name="password" value="ccqiyi#2013" />

		<property name="minPoolSize" value="2" />
		<property name="maxPoolSize" value="10" />
		<property name="maxIdleTime" value="1800" />
		<property name="acquireIncrement" value="2" />
		<property name="maxStatements" value="0" />
		<property name="initialPoolSize" value="3" />
		<property name="idleConnectionTestPeriod" value="1800" />
		<property name="acquireRetryAttempts" value="30" />
		<property name="breakAfterAcquireFailure" value="true" />
		<property name="testConnectionOnCheckout" value="false" />
	</bean>


	<!-- 配置Jdbc模板 -->
	<bean id="jdbcTemplate" class="org.springframework.jdbc.core.JdbcTemplate">
		<property name="dataSource" ref="dataSource"></property>
	</bean>
</beans>