﻿<?xml version="1.0" encoding="UTF-8"?>
<beans xmlns="http://www.springframework.org/schema/beans" xmlns:xsi="http://www.w3.org/2001/XMLSchema-instance"
	xmlns:context="http://www.springframework.org/schema/context" xmlns:util="http://www.springframework.org/schema/util"
	xsi:schemaLocation="
        http://www.springframework.org/schema/beans http://www.springframework.org/schema/beans/spring-beans-3.2.xsd
        http://www.springframework.org/schema/context http://www.springframework.org/schema/context/spring-context-3.2.xsd
        http://www.springframework.org/schema/util http://www.springframework.org/schema/util/spring-util-3.2.xsd">

	<!-- 配置数据源 -->
	<bean id="dataSource" class="com.mchange.v2.c3p0.ComboPooledDataSource" destroy-method="close">
		<property name="driverClass" value="com.mysql.jdbc.Driver" />
		<property name="jdbcUrl" value="jdbc:mysql://127.0.0.1:3309/hplydb_new" />
		<property name="user" value="root" />
		<property name="password" value="" />
		<property name="maxIdleTime" value="7200" />
	</bean>

	<!-- 事务管理器 -->
	<bean id="transactionManager" class="org.springframework.jdbc.datasource.DataSourceTransactionManager">
		<property name="dataSource" ref="dataSource" />
	</bean>

	<bean id="sqlSessionFactory" class="org.mybatis.spring.SqlSessionFactoryBean">
		<property name="dataSource" ref="dataSource" />
		<property name="configLocation" value="classpath:myBatis.xml" />
	</bean>

	<bean id="messageSource" class="org.springframework.context.support.ResourceBundleMessageSource">
		<property name="basenames">
			<list>
				<value>global</value>
				<value>validator</value>
			</list>
		</property>
	</bean>

	<bean class="org.mybatis.spring.mapper.MapperScannerConfigurer">
		<property name="basePackage" value="hply.mapper" />
	</bean>

	<context:component-scan base-package="hply.core" />
	<context:component-scan base-package="hply.mapper" />
	<context:component-scan base-package="hply.service" />

	<bean id="shiroFilter" class="org.apache.shiro.spring.web.ShiroFilterFactoryBean">
		<property name="securityManager" ref="securityManager" />
		<property name="loginUrl" value="/login" />
		<property name="filters">
			<util:map>
				<entry key="authc">
					<bean class="hply.core.MyAuthenticationFilter" />
				</entry>
			</util:map>
		</property>
		<property name="filterChainDefinitions">
			<value>
				/login = anon
				/logout = anon
				/assets/** = anon
				# authc
				/** = authc
			</value>
		</property>
	</bean>

	<bean id="securityManager" class="org.apache.shiro.web.mgt.DefaultWebSecurityManager">
		<property name="realm" ref="myRealm" />
		<!-- <property name="sessionMode" value="http" /> -->
	</bean>

	<bean id="lifecycleBeanPostProcessor" class="org.apache.shiro.spring.LifecycleBeanPostProcessor" />
	<bean id="myRealm" class="hply.core.JdbcRealm" />

	<!-- Enable Shiro Annotations for Spring-configured beans. Only run after -->
	<!-- the lifecycleBeanProcessor has run: -->
	<bean class="org.springframework.aop.framework.autoproxy.DefaultAdvisorAutoProxyCreator" depends-on="lifecycleBeanPostProcessor" />
	<bean class="org.apache.shiro.spring.security.interceptor.AuthorizationAttributeSourceAdvisor">
		<property name="securityManager" ref="securityManager" />
	</bean>

	<bean id="csrfFilter" class="org.springframework.security.web.csrf.CsrfFilter">
		<constructor-arg>
			<bean class="org.springframework.security.web.csrf.HttpSessionCsrfTokenRepository" />
		</constructor-arg>
	</bean>
	<!-- Provides automatic CSRF token inclusion when using Spring MVC Form tags or Thymeleaf. See http://localhost:8080/#forms 
		and form.jsp for examples -->
	<bean id="requestDataValueProcessor" class="org.springframework.security.web.servlet.support.csrf.CsrfRequestDataValueProcessor" />
</beans>
