﻿<?xml version="1.0" encoding="UTF-8"?>
<!DOCTYPE mapper PUBLIC "-//mybatis.org//DTD Mapper 3.0//EN" 
"http://mybatis.org/dtd/mybatis-3-mapper.dtd">

<mapper namespace="hply.mapper.partial.PartialCollectionsMapper">

  <insert id="insert" parameterType="Collections">
    insert into t_collections(id, project_id, ticket_code, source_of, payment_type, amount, bank_account, bank_name, trice, create_time, create_user, update_time, update_user, description, status, field_01, field_02, field_03, field_04, field_05) values ( #{id}, #{projectId}, #{ticketCode}, #{sourceOf}, #{paymentType}, #{amount}, #{bankAccount}, #{bankName}, #{trice}, now(), #{createUser}, now(), #{createUser}, #{description}, #{status}, #{field01}, #{field02}, #{field03}, #{field04}, #{field05} )
  </insert>

  <update id="update" parameterType="map">
    update t_collections set project_id = #{projectId}, ticket_code = #{ticketCode}, source_of = #{sourceOf}, payment_type = #{paymentType}, amount = #{amount}, bank_account = #{bankAccount}, bank_name = #{bankName}, trice = #{trice},  update_time = now(), update_user = #{updateUser}, description = #{description}, status = #{status}, field_01 = #{field01}, field_02 = #{field02}, field_03 = #{field03}, field_04 = #{field04}, field_05 = #{field05}, version = version + 1 where id = #{id}
  </update>

  <delete id="delete" parameterType="string">
    delete from t_collections where id = #{id}
  </delete>

  <update id="check" parameterType="string">
    update t_collections set status=1 where id = #{id}
  </update>
  
  <select id="get" parameterType="string" resultType="Collections">
    select id as id, project_id as projectId, ticket_code as ticketCode, source_of as sourceOf, payment_type as paymentType, amount as amount, bank_account as bankAccount, bank_name as bankName, trice as trice, create_time as createTime, create_user as createUser, update_time as updateTime, update_user as updateUser, description as description, version as version, status as status, field_01 as field01, field_02 as field02, field_03 as field03, field_04 as field04, field_05 as field05 from t_collections where id = #{id}
  </select>
  
  <select id="getVersion" parameterType="string" resultType="int">
    select version from t_collections where id = #{id}
  </select>
  
  <select id="getAll" resultType="Collections">
    select id as id, project_id as projectId, ticket_code as ticketCode, source_of as sourceOf, payment_type as paymentType, amount as amount, bank_account as bankAccount, bank_name as bankName, trice as trice, create_time as createTime, create_user as createUser, update_time as updateTime, update_user as updateUser, description as description, version as version, status as status, field_01 as field01, field_02 as field02, field_03 as field03, field_04 as field04, field_05 as field05 from t_collections
  </select>
  
  <select id="getRowCount" resultType="int">
    select count(*) from t_collections
  </select>

  <select id="getAllPaged" parameterType="Collections" resultType="Collections">
    select id as id, project_id as projectId, ticket_code as ticketCode, source_of as sourceOf, payment_type as paymentType, amount as amount, bank_account as bankAccount, bank_name as bankName, trice as trice, create_time as createTime, create_user as createUser, update_time as updateTime, update_user as updateUser, description as description, version as version, status as status, field_01 as field01, field_02 as field02, field_03 as field03, field_04 as field04, field_05 as field05 from t_collections limit #{pageSize} offset #{pageIndex}
  </select>
</mapper>

