﻿<?xml version="1.0" encoding="UTF-8"?>
<!DOCTYPE mapper PUBLIC "-//mybatis.org//DTD Mapper 3.0//EN" 
"http://mybatis.org/dtd/mybatis-3-mapper.dtd">

<mapper namespace="hply.mapper.partial.PartialSysAuthorizationMapper">

  <insert id="insert" parameterType="SysAuthorization">
    insert into t_sys_authorization(id, resource_id, user_id, create_time, create_user, field_01, field_02, field_03, field_04, field_05) values ( #{id}, #{resourceId}, #{userId}, now(), #{createUser}, #{field01}, #{field02}, #{field03}, #{field04}, #{field05} )
  </insert>

  <update id="update" parameterType="map">
    update t_sys_authorization set resource_id = #{resourceId}, user_id = #{userId}, field_01 = #{field01}, field_02 = #{field02}, field_03 = #{field03}, field_04 = #{field04}, field_05 = #{field05}, version = version + 1 where id = #{id}
  </update>

  <delete id="delete" parameterType="string">
    delete from t_sys_authorization where id = #{id}
  </delete>

  <select id="get" parameterType="string" resultType="SysAuthorization">
    select id as id, resource_id as resourceId, user_id as userId, create_time as createTime, create_user as createUser, version as version, field_01 as field01, field_02 as field02, field_03 as field03, field_04 as field04, field_05 as field05 from t_sys_authorization where id = #{id}
  </select>
  
  <select id="getVersion" parameterType="string" resultType="int">
    select version from t_sys_authorization where id = #{id}
  </select>
  
  <select id="getAll" resultType="SysAuthorization">
    select id as id, resource_id as resourceId, user_id as userId, create_time as createTime, create_user as createUser, version as version, field_01 as field01, field_02 as field02, field_03 as field03, field_04 as field04, field_05 as field05 from t_sys_authorization
  </select>
  
  <select id="getRowCount" resultType="int">
    select count(*) from t_sys_authorization
  </select>

  <select id="getAllPaged" parameterType="SysAuthorization" resultType="SysAuthorization">
    select id as id, resource_id as resourceId, user_id as userId, create_time as createTime, create_user as createUser, version as version, field_01 as field01, field_02 as field02, field_03 as field03, field_04 as field04, field_05 as field05 from t_sys_authorization limit #{pageSize} offset #{pageIndex}
  </select>
</mapper>

