﻿<?xml version="1.0" encoding="UTF-8"?>
<!DOCTYPE mapper PUBLIC "-//mybatis.org//DTD Mapper 3.0//EN" 
"http://mybatis.org/dtd/mybatis-3-mapper.dtd">

<mapper namespace="hply.mapper.ProjectMapper">

	<update id="updateAllStatus">call proc_update_all_status()</update>

	<select id="getTotalAmount" resultType="Double">select get_total_amount(#{projectId})</select>

	<select id="getAllNames" resultType="Project">
		select id as id,concat('[',project_code,']',project_name) as projectName
		from t_project order by create_time desc
	</select>

	<select id="getAllNamesByOrganization" resultType="Project">
		select id as id,concat('[',project_code,']',project_name) as
		projectName
		from t_project where organization_id = #{organizationId} order by create_time desc
	</select>

	<select id="getAllPagedByOrganization" resultType="Project">
		select id as id, ifnull(project_code, '[无]') as projectCode,
		project_name as projectName, organization_id as organizationId, party_name as
		partyName, party_address as partyAddress,
		manager as manager, contract_code as contractCode, corperation as
		corperation, legal_assignee as legalAssignee,
		is_withholding_offsite as isWithholdingOffsite, management_rate as
		managementRate, tax_rate as taxRate, contract_amount
		as contractAmount, settlement_amount as settlementAmount,
		duty_paid_time as dutyPaidTime, duty_paid_amount as
		dutyPaidAmount, duty_paid_code as dutyPaidCode, capital_occupied
		as capitalOccupied, project_status as projectStatus,
		trice as trice, create_time as createTime, create_user as
		createUser, update_time as updateTime, update_user as
		updateUser, description as description, version as version,
		status as status, management_plan_amount as
		managementPlanAmount, tax_plan_amount as taxPlanAmount, field_01 as
		field01, field_02 as field02, field_03 as field03,
		field_04 as field04, field_05 as field05 from t_project
		where concat(ifnull(project_code, ''), ifnull(project_name,
		''), ifnull(manager, '')) like #{queryText} and
		organization_id=#{organizationId} order by trice desc limit #{pageSize}
		offset #{pageIndex}
	</select>


	<select id="getRowCountByOrganization" resultType="int">
		select count(*) from t_project where
		concat(ifnull(project_code, ''), ifnull(project_name, ''), ifnull(manager, '')) like
		#{queryText} and
		organization_id=#{organizationId}
	</select>

	<update id="batchCheck">update ${modelId} set status=1 where project_id=#{projectId} and ifnull(status, 0)!=1</update>
</mapper>

