﻿<?xml version="1.0" encoding="UTF-8"?>
<!DOCTYPE mapper PUBLIC "-//mybatis.org//DTD Mapper 3.0//EN" 
"http://mybatis.org/dtd/mybatis-3-mapper.dtd">

<mapper namespace="com.hhwy.fresource2.mapper.SysRoleResourcesMapper">

  <insert id="insert" parameterType="SysRoleResources">
    insert into t_sys_role_resources(id, role_id, resource_id, create_time, create_user) values ( #{id}, #{roleId}, #{resourceId}, now(), #{createUser} )
  </insert>

  <update id="update" parameterType="map">
    update t_sys_role_resources set <if test="roleId != ''">role_id = #{roleId},</if> <if test="resourceId != ''">resource_id = #{resourceId},</if> version = version + 1 where id = #{id}
  </update>

  <delete id="delete" parameterType="string">
    delete from t_sys_role_resources where id = #{id}
  </delete>

  <select id="get" parameterType="string" resultType="SysRoleResources">
    select id as id, role_id as roleId, resource_id as resourceId, create_time as createTime, create_user as createUser, version as version from t_sys_role_resources where id = #{id}
  </select>
  
  <select id="getVersion" parameterType="string" resultType="int">
    select version from t_sys_role_resources where id = #{id}
  </select>

  <select id="getAll" resultType="SysRoleResources">
    select id as id, role_id as roleId, resource_id as resourceId, create_time as createTime, create_user as createUser, version as version from t_sys_role_resources
  </select>

</mapper>

