﻿<?xml version="1.0" encoding="UTF-8"?>
<!DOCTYPE mapper PUBLIC "-//mybatis.org//DTD Mapper 3.0//EN" 
"http://mybatis.org/dtd/mybatis-3-mapper.dtd">

<mapper namespace="hply.persistence.ChopMapper">

  <insert id="insert" useGeneratedKeys="true" keyProperty="id" parameterType="hply.domain.Chop">
    insert into t_chop(ID, ChopCode, ProjectID, ProjectCode, ProjectName, Manager, Content, ApplyUser, ApplyTime, OrganizationID, Step1Idea, Step1User, Step1Time, Step2Idea, Step2User, Step2Time, Step3Idea, Step3User, Step3Time, StepStatus) values ( #{ID}, #{ChopCode}, #{ProjectID}, #{ProjectCode}, #{ProjectName}, #{Manager}, #{Content}, #{ApplyUser}, #{ApplyTime}, #{OrganizationID}, #{Step1Idea}, #{Step1User}, #{Step1Time}, #{Step2Idea}, #{Step2User}, #{Step2Time}, #{Step3Idea}, #{Step3User}, #{Step3Time}, #{StepStatus} )
  </insert>

  <update id="update" parameterType="map">
    update t_chop set ChopCode = #{ChopCode}, ProjectID = #{ProjectID}, ProjectCode = #{ProjectCode}, ProjectName = #{ProjectName}, Manager = #{Manager}, Content = #{Content}, ApplyUser = #{ApplyUser}, ApplyTime = #{ApplyTime}, OrganizationID = #{OrganizationID}, Step1Idea = #{Step1Idea}, Step1User = #{Step1User}, Step1Time = #{Step1Time}, Step2Idea = #{Step2Idea}, Step2User = #{Step2User}, Step2Time = #{Step2Time}, Step3Idea = #{Step3Idea}, Step3User = #{Step3User}, Step3Time = #{Step3Time}, StepStatus = #{StepStatus} where id = #{id}
  </update>

  <delete id="delete" parameterType="string">
    delete from t_chop where id = #{id}
  </delete>

  <select id="get" parameterType="string" resultType="hply.domain.Chop">
    select * from t_chop where id = #{id}
  </select>

  <select id="getAll" resultType="hply.domain.Chop">
    select * from t_chop
  </select>

</mapper>


