﻿<?xml version="1.0" encoding="UTF-8"?>
<!DOCTYPE mapper PUBLIC "-//mybatis.org//DTD Mapper 3.0//EN" 
"http://mybatis.org/dtd/mybatis-3-mapper.dtd">

<mapper namespace="hply.persistence.CustomerBillingMapper">

  <insert id="insert" useGeneratedKeys="true" keyProperty="id" parameterType="hply.domain.CustomerBilling">
    insert into t_customer_billing(ID, ProjectID, InvoiceCode, InvoiceType, Amount, Trice, CreateTime, CreateUser, UpdateTime, UpdateUser, Description) values ( #{ID}, #{ProjectID}, #{InvoiceCode}, #{InvoiceType}, #{Amount}, #{Trice}, #{CreateTime}, #{CreateUser}, #{UpdateTime}, #{UpdateUser}, #{Description} )
  </insert>

  <update id="update" parameterType="map">
    update t_customer_billing set ProjectID = #{ProjectID}, InvoiceCode = #{InvoiceCode}, InvoiceType = #{InvoiceType}, Amount = #{Amount}, Trice = #{Trice}, CreateTime = #{CreateTime}, CreateUser = #{CreateUser}, UpdateTime = #{UpdateTime}, UpdateUser = #{UpdateUser}, Description = #{Description} where id = #{id}
  </update>

  <delete id="delete" parameterType="string">
    delete from t_customer_billing where id = #{id}
  </delete>

  <select id="get" parameterType="string" resultType="hply.domain.CustomerBilling">
    select * from t_customer_billing where id = #{id}
  </select>

  <select id="getAll" resultType="hply.domain.CustomerBilling">
    select * from t_customer_billing
  </select>

</mapper>


