﻿<?xml version="1.0" encoding="UTF-8"?>
<!DOCTYPE mapper PUBLIC "-//mybatis.org//DTD Mapper 3.0//EN" 
"http://mybatis.org/dtd/mybatis-3-mapper.dtd">

<mapper namespace="hply.persistence.PaymentItemMapper">

  <insert id="insert" useGeneratedKeys="true" keyProperty="id" parameterType="hply.domain.PaymentItem">
    insert into t_payment_item(ID, ItemName, ReimbursementCap, CreateTime, CreateUser, UpdateTime, UpdateUser, Description) values ( #{ID}, #{ItemName}, #{ReimbursementCap}, #{CreateTime}, #{CreateUser}, #{UpdateTime}, #{UpdateUser}, #{Description} )
  </insert>

  <update id="update" parameterType="map">
    update t_payment_item set ItemName = #{ItemName}, ReimbursementCap = #{ReimbursementCap}, CreateTime = #{CreateTime}, CreateUser = #{CreateUser}, UpdateTime = #{UpdateTime}, UpdateUser = #{UpdateUser}, Description = #{Description} where id = #{id}
  </update>

  <delete id="delete" parameterType="string">
    delete from t_payment_item where id = #{id}
  </delete>

  <select id="get" parameterType="string" resultType="hply.domain.PaymentItem">
    select * from t_payment_item where id = #{id}
  </select>

  <select id="getAll" resultType="hply.domain.PaymentItem">
    select * from t_payment_item
  </select>

</mapper>


