﻿<?xml version="1.0" encoding="UTF-8"?>
<!DOCTYPE mapper PUBLIC "-//mybatis.org//DTD Mapper 3.0//EN" 
"http://mybatis.org/dtd/mybatis-3-mapper.dtd">

<mapper namespace="hply.persistence.SysParameterMapper">

  <insert id="insert" useGeneratedKeys="true" keyProperty="id" parameterType="hply.domain.SysParameter">
    insert into t_sys_parameter(ID, ENName, CNName, ParamValue, DefaultValue, ISInner, CreateTime, CreateUser, UpdateTime, UpdateUser, Description) values ( #{ID}, #{ENName}, #{CNName}, #{ParamValue}, #{DefaultValue}, #{ISInner}, #{CreateTime}, #{CreateUser}, #{UpdateTime}, #{UpdateUser}, #{Description} )
  </insert>

  <update id="update" parameterType="map">
    update t_sys_parameter set ENName = #{ENName}, CNName = #{CNName}, ParamValue = #{ParamValue}, DefaultValue = #{DefaultValue}, ISInner = #{ISInner}, CreateTime = #{CreateTime}, CreateUser = #{CreateUser}, UpdateTime = #{UpdateTime}, UpdateUser = #{UpdateUser}, Description = #{Description} where id = #{id}
  </update>

  <delete id="delete" parameterType="string">
    delete from t_sys_parameter where id = #{id}
  </delete>

  <select id="get" parameterType="string" resultType="hply.domain.SysParameter">
    select * from t_sys_parameter where id = #{id}
  </select>

  <select id="getAll" resultType="hply.domain.SysParameter">
    select * from t_sys_parameter
  </select>

</mapper>


