﻿<?xml version="1.0" encoding="UTF-8"?>
<!DOCTYPE mapper PUBLIC "-//mybatis.org//DTD Mapper 3.0//EN" 
"http://mybatis.org/dtd/mybatis-3-mapper.dtd">

<mapper namespace="hply.persistence.SysUserMapper">

  <insert id="insert" useGeneratedKeys="true" keyProperty="id" parameterType="hply.domain.SysUser">
    insert into t_sys_user(ID, LoginName, RealName, OrganizationID, Password, LastLoginIP, LastLoginTime, Fails, Logined, Position, Enabled, OrderBY, CreateTime, CreateUser, UpdateTime, UpdateUser, Description) values ( #{ID}, #{LoginName}, #{RealName}, #{OrganizationID}, #{Password}, #{LastLoginIP}, #{LastLoginTime}, #{Fails}, #{Logined}, #{Position}, #{Enabled}, #{OrderBY}, #{CreateTime}, #{CreateUser}, #{UpdateTime}, #{UpdateUser}, #{Description} )
  </insert>

  <update id="update" parameterType="map">
    update t_sys_user set LoginName = #{LoginName}, RealName = #{RealName}, OrganizationID = #{OrganizationID}, Password = #{Password}, LastLoginIP = #{LastLoginIP}, LastLoginTime = #{LastLoginTime}, Fails = #{Fails}, Logined = #{Logined}, Position = #{Position}, Enabled = #{Enabled}, OrderBY = #{OrderBY}, CreateTime = #{CreateTime}, CreateUser = #{CreateUser}, UpdateTime = #{UpdateTime}, UpdateUser = #{UpdateUser}, Description = #{Description} where id = #{id}
  </update>

  <delete id="delete" parameterType="string">
    delete from t_sys_user where id = #{id}
  </delete>

  <select id="get" parameterType="string" resultType="hply.domain.SysUser">
    select * from t_sys_user where id = #{id}
  </select>

  <select id="getAll" resultType="hply.domain.SysUser">
    select * from t_sys_user
  </select>

</mapper>


